@\b342593763647\b, cargonet-cx-build-developer
@\b254670366720\b, cargonet-cx-dev-developer
@\b537452063632\b, cargonet-cx-staging-developer
@\b631292869571\b, cargonet-cx-prod-developer
@\b706362170376\b, cargonet-terminal-build-developer
@\b048495016612\b, cargonet-terminal-dev-developer
@\b416963226792\b, cargonet-terminal-staging-developer
@\b075006647135\b, cargonet-terminal-prod-developer
@\b590183946679\b, cnops-build-developer
@\b905418089268\b, cnops-dev-developer
@\b851725591219\b, cnops-staging-developer
@\b590183747434\b, cnops-prod-developer
